"name","r"
4835,24.11
4836,0
4837,0
4839,0
4840,0
4841,0
4843,0
4844,0
4845,0
4846,0
4847,0
4848,0
4849,0
4850,0
4851,0
4852,0
4853,0
4854,0
4855,0
4857,0
4858,0
4859,0
4860,0
4861,0
4862,0
4863,0
4864,0
4865,0
4866,0
4869,0
4872,0
4873,0
4874,0
4875,0
4876,0
4877,0
4878,0
4879,0
4880,0
4882,0
4883,0
4884,0
4885,0
4886,0
4889,0
4890,42.74
4892,0
4893,0
4895,0
4899,0
4903,0
4906,0
4916,0
4919,0
4921,0
4926,0
4927,0
4930,0
4936,0
4939,0
4951,0
4954,0
4960,0
4964,0
4966,0
4973,0
4974,0
4984,0
5004,0
5009,0
5019,0
5020,0
5027,0
5030,0
5031,0
5034,0
5035,0
5040,0
5041,0
5042,0
5045,0
5046,0
5047,0
5059,0
5062,0
5066,0
5068,0
5070,0
5073,0
5081,0
5085,0
5086,0
5087,0
5089,0
5090,0
5094,0
5099,0
5100,0
5103,0
5112,0
5113,0
5114,0
5128,0
5129,0
5131,0
5137,0
5138,0
5144,0
5154,0
5155,29.94
5156,0
5157,0
5160,0
5165,0
5167,0
5174,0
5183,0
5188,0
5200,0
5201,0
5213,0
5216,0
5217,17.35
5222,0
5230,0
5231,0
5240,44.23
5245,0
5247,0
5249,0
5254,0
5255,0
5264,0
5269,0
5271,0
5272,0
5287,0
5289,0
5290,0
5291,0
5292,0
5293,0
5295,0
5315,0
5318,0
5324,0
5325,0
5328,0
5330,0
5331,0
5332,0
5338,0
5341,0
5344,0
5349,0
5356,0
5366,0
5368,0
5370,0
5375,0
5381,0
5387,0
5388,0
5392,0
5400,0
5404,0
5406,0
5411,0
5412,0
5424,0
5426,0
5431,0
5433,0
5435,0
5453,0
5454,0
5456,0
5457,0
5469,0
5475,0
5481,0
5489,0
5491,0
5492,0
5493,0
5504,0
5505,0
5507,0
5516,0
5522,0
5526,0
5528,0
5534,0
5536,0
5538,0
5549,0
5552,0
5557,32.45
5565,0
5566,0
5569,0
5571,0
5573,0
5578,0
5582,0
5583,0
5588,0
5592,0
5596,0
5605,0
5606,0
5609,0
5610,0
5620,0
5629,0
5634,0
5641,0
5642,0
5643,0
5646,23.96
5649,0
5655,0
5657,0
5659,0
5661,0
5664,0
5668,0
5673,0
5674,0
5676,0
5683,0
5684,0
5685,0
5687,0
5688,0
5692,0
5694,0
5695,0
5704,0
5706,0
5712,0
5713,0
5716,0
5717,0
5719,0
5721,45.8
5722,0
5728,0
5729,34.56
5733,0
5737,0
5738,0
5742,0
5743,0
5749,0
5750,0
5761,0
5766,0
5768,0
5769,0
5779,0
5783,0
5784,0
5790,0
5794,0
5800,0
5804,0
5806,0
5816,0
5818,0
5827,0
5832,0
5834,0
5839,0
5843,0
5846,0
5853,0
5859,0
5862,0
5864,0
5866,0
5867,0
5869,0
5872,0
5875,0
5876,0
5878,0
5879,0
5880,0
5882,0
5884,0
5886,0
5888,0
5889,0
5892,0
5894,0
5895,0
5896,0
5898,0
5899,0
5900,0
5901,0
5906,0
5907,0
5908,16.87
5912,0
5913,0
5914,0
5915,0
5917,0
5919,0
5920,0
5921,0
5922,0
5923,0
5924,0
5925,0
5929,0
5930,0
5931,0
5932,0
5933,0
5935,0
5937,0
5939,0
5940,0
5941,0
5942,0
5943,0
5945,0
5946,0
5947,0
5948,0
5949,0
5950,0
5953,0
5956,0
5957,0
5958,0
5959,0
5961,0
5962,0
5963,20.05
5964,0
5965,0
5969,0
5970,0
5971,0
5973,0
5974,0
5977,0
5979,0
5980,0
5981,0
5983,0
5985,0
5987,0
5989,0
5990,0
5991,0
5992,0
5994,0
5998,0
6001,0
6002,0
6003,0
6004,0
6006,0
6010,0
6011,0
6012,0
6020,0
6022,0
6024,0
6025,0
6026,0
6028,0
6029,0
6031,0
6032,0
6036,0
6039,0
6040,0
6046,0
6053,0
6065,0
6075,0
6078,0
6080,0
6085,0
6086,0
6088,0
6089,0
6096,0
6097,0
6106,0
6109,10.63
6112,0
6113,0
6115,0
6117,0
6120,0
6122,0
6123,0
6128,0
6131,0
6137,0
6138,0
6140,0
6143,0
6145,0
6146,0
6147,0
6150,0
6152,0
6153,0
6154,13.7
6155,0
6156,0
6157,0
6159,0
6165,0
6168,0
6172,0
6179,0
6180,0
6182,0
6186,0
6188,0
6196,0
6199,0
6201,0
6205,0
6206,0
6211,0
6215,0
6217,0
6222,0
6231,0
6234,0
6235,0
6236,0
6247,0
6260,0
6268,0
6270,0
6271,0
6276,0
6279,0
6280,0
6281,0
6288,0
6289,0
6291,0
6292,0
6293,0
6296,0
6298,0
6306,0
6318,0
6328,0
6330,0
6331,0
6335,0
6336,0
6338,0
6345,0
6346,0
6350,0
6359,0
6363,0
6365,0
6373,0
6375,0
6378,0
6380,0
6381,0
6382,0
6388,0
6390,0
6392,0
6395,0
6396,0
6397,0
6398,0
6399,0
6401,0
6402,0
6404,0
6406,0
6410,0
6415,0
6420,0
6422,0
6429,18.89
6432,10.73
6434,0
6436,0
6437,0
6438,0
6442,0
6443,0
6444,0
6447,0
6454,0
6460,0
6465,0
6466,0
6468,12.1
6469,14.75
6483,0
6485,0
6488,0
6490,0
6495,0
6500,0
6502,0
6503,0
6504,0
6507,0
6511,0
6515,0
6518,0
6521,0
6524,0
6526,0
6536,0
6539,0
6543,0
6545,0
6546,0
6547,0
6550,11.66
6555,0
6557,0
6558,0
6564,0
6567,0
6568,0
6571,0
6574,0
6577,0
6578,0
6580,0
6581,0
6582,0
6589,0
6592,0
6593,0
6595,0
6601,0
6602,0
6606,0
6613,0
6614,0
6617,0
6620,0
6621,0
6622,0
6623,0
6633,0
6634,0
6643,0
6645,0
6647,0
6649,0
6650,0
6651,0
6652,0
6653,0
6656,0
6660,0
6661,0
6662,0
6665,0
6666,0
6667,0
6669,0
6672,0
6674,0
6675,0
6676,0
6678,0
6684,0
6686,0
6688,0
6692,0
6698,0
6699,0
6706,0
6707,0
6710,0
6714,0
6716,0
6717,0
6722,0
6723,0
6724,0
6725,0
6733,0
6734,0
6735,0
6738,0
6747,0
6752,0
6754,0
6755,0
6756,0
6757,0
6758,0
6759,0
6762,0
6763,0
6769,0
6777,11.2
6782,0
6783,0
6784,0
6785,0
6788,0
6789,0
6790,0
6791,0
6792,0
6804,0
6806,0
6807,0
6813,0
6815,0
6816,0
6819,0
6822,0
6826,0
6829,0
6830,0
6833,0
6834,0
6835,0
6838,0
6839,0
6840,0
6842,0
6846,0
6850,0
6851,0
6853,0
6856,0
6863,0
6869,0
6871,0
6873,0
6874,0
6876,0
6878,0
6890,0
6896,0
6899,0
6902,0
6903,0
6907,0
6910,0
6911,0
6913,0
6924,0
6929,0
6930,0
6940,0
6944,0
6945,0
6948,0
6952,0
6954,0
6955,0
6956,0
6957,0
6961,0
6962,0
6966,0
6967,0
6968,0
6969,0
6970,0
6975,0
6979,0
6984,0
6990,0
7002,0
7003,24.54
7015,0
7018,0
7022,0
7025,0
7027,0
7028,0
7029,0
7032,15.44
7034,0
7035,0
7037,0
7039,0
7042,0
7045,0
7050,0
7052,0
7059,0
7060,0
7063,0
7065,0
7070,0
7073,0
7075,0
7076,0
7077,0
7084,0
7086,0
7087,0
7089,0
7092,0
7094,0
7095,0
7096,0
7114,0
7118,0
7119,0
7123,0
7132,0
7136,0
7138,0
7140,0
7145,0
7146,0
7150,0
7154,0
7156,0
7163,0
7169,0
7170,0
7172,0
7173,0
7177,0
7178,0
7183,0
7184,0
7185,0
7186,0
7191,0
7198,0
7199,0
7205,0
7208,0
7210,0
7211,0
7217,0
7218,0
7223,0
7228,0
7231,0
7247,0
7251,0
7254,0
7258,12.82
7259,0
7263,0
7273,0
7275,0
7277,0
7283,0
7284,0
7285,0
7289,0
7290,0
7293,0
7297,0
7304,0
7305,0
7306,0
7313,0
7316,0
7317,0
7321,0
7325,0
7327,0
7330,0
7334,0
7335,0
7336,0
7341,0
7343,0
7347,13.53
7348,0
7358,0
7359,0
7369,0
7378,0
7379,0
7383,0
7385,0
7387,0
7395,0
7396,0
7398,0
7400,0
7404,0
7409,0
7423,0
7424,0
7434,0
7441,0
7445,0
7446,0
7455,0
7459,0
7469,0
7479,50
7480,0
7487,0
7488,0
7492,0
7495,0
7496,0
7499,0
7500,0
7510,0
7523,0
7530,0
7531,0
7532,0
7533,0
7543,0
7549,0
7551,0
7556,0
7557,0
7558,0
7562,0
7570,0
7572,0
7574,0
7576,0
7578,13.42
7581,0
7585,0
7592,0
7595,0
7601,0
7604,0
7606,0
7607,0
7608,0
7615,0
7616,0
7618,0
7620,0
7621,0
7622,0
7625,0
7627,0
7631,0
7634,0
7637,0
7643,0
7645,0
7647,0
7648,0
7651,0
7659,0
7662,0
7663,0
7665,0
7667,0
7671,0
7683,0
7688,0
7690,11.38
7692,0
7694,0
7706,0
7707,0
7711,0
7716,0
7717,0
7722,0
7723,31.17
7729,22.16
7731,0
7735,0
7738,0
7743,0
7754,0
7756,0
7766,0
7768,45.27
7777,0
7796,0
7799,0
7804,18.69
7805,0
7806,0
7811,0
7812,0
7813,0
7816,0
7819,0
7820,0
7830,0
7841,0
7849,0
7850,0
7854,0
7858,0
7862,0
7863,0
7866,0
7871,18.27
7875,0
7876,0
7880,0
7882,0
7884,0
7885,0
7887,0
7888,0
7896,0
7897,0
7903,0
7906,0
7908,0
7910,0
7911,0
7916,0
7919,0
7920,0
7927,0
7929,0
7930,0
7931,0
7937,0
7942,0
7943,0
7944,0
7948,0
7952,0
7955,0
7974,0
7992,0
7999,0
8001,0
8003,0
8006,0
8011,0
8016,0
8019,0
8023,0
8026,0
8033,0
8043,0
8046,0
8048,0
8062,0
8064,0
8066,0
8068,0
8071,0
8078,0
8080,0
8091,0
8102,0
8107,0
8115,0
8121,11.4
8122,0
8130,0
8132,0
8136,0
8139,0
8144,0
8145,0
8153,0
8157,0
8161,0
8162,0
8163,0
8164,18.72
8170,0
8177,0
8179,0
8181,45.22
8191,0
8194,0
8202,0
8204,0
8205,0
8206,0
8208,0
8211,0
8212,0
8224,0
8225,0
8229,0
8233,0
8236,0
8237,0
8238,0
8239,0
8241,0
8244,0
8250,0
8251,0
8255,0
8256,0
8263,0
8264,0
8265,0
8273,0
8276,0
8277,0
8278,0
8280,0
8281,0
8283,0
8286,0
8289,0
8293,0
8296,0
8299,0
8300,0
8301,0
8303,0
8304,0
8306,0
8307,0
8308,0
8311,0
8313,0
8314,0
8317,0
8318,0
8323,0
8325,0
8329,0
8330,0
8334,0
8335,0
8336,0
8343,20.56
8344,0
8345,0
8346,0
8350,0
8351,0
8356,0
8359,0
8363,0
8369,0
8370,0
8373,0
8375,0
8376,0
8377,0
8382,0
8383,0
8385,0
8386,0
8389,0
8397,0
8398,0
8407,0
8409,0
8414,0
8415,0
8416,0
8420,0
8421,0
8422,14.14
8424,0
8426,0
8429,0
8433,0
8439,0
8448,0
8450,0
8451,0
8461,17.24
8464,0
8465,0
8467,0
8473,0
8476,0
8477,0
8479,0
8481,0
8482,0
8486,0
8492,0
8495,0
8500,0
8503,0
8504,0
8509,0
8512,10.51
8514,0
8517,0
8518,0
8522,0
8523,0
8532,0
8541,0
8542,0
8545,0
8548,0
8549,0
8554,0
8556,0
8560,0
8561,0
8564,0
8567,0
8574,0
8579,0
8583,0
8588,0
8590,0
8591,0
8595,0
8598,0
8604,0
8608,0
8609,0
8610,0
8612,0
8613,0
8616,0
8618,0
8624,0
8637,0
8638,0
8644,0
8647,0
8650,0
8655,0
8656,0
8658,0
8659,0
8665,0
8668,0
8670,0
8671,0
8672,0
8673,0
8674,0
8685,0
8686,0
8693,0
8699,0
8704,0
8706,0
8708,0
8709,0
8713,0
8715,0
8717,0
8720,0
8724,0
8725,0
8727,0
8728,0
8730,0
8734,0
8740,0
8742,0
8748,0
8750,0
8753,0
8759,0
8765,0
8768,0
8770,0
8774,0
8778,0
8779,0
8784,0
8785,0
8792,0
8795,0
8797,0
8798,0
8801,0
8807,0
8809,0
8810,10.99
8813,0
8816,0
8820,0
8823,0
8825,0
8827,0
8829,0
8838,0
8848,0
8852,0
8860,0
8865,13.17
8873,0
8876,0
8882,0
8883,0
8884,0
8889,0
8891,0
8894,0
8899,16.2
8902,0
8907,0
8908,0
8909,0
8910,0
8920,0
8921,0
8925,0
8926,0
8927,0
8938,0
8942,0
8947,0
8954,0
8958,0
8959,0
8960,0
8964,0
8973,0
8982,0
8984,0
8986,0
8993,0
8994,12.23
8995,0
9018,0
9019,0
9026,0
9027,0
9028,0
9033,0
9034,0
9047,0
9048,0
9050,0
9052,0
9057,0
9058,0
9060,0
9061,0
9065,0
9067,0
9071,0
9072,0
9079,0
9082,0
9086,0
9087,0
9090,0
9092,0
9093,0
9096,0
9100,0
9108,0
9110,0
9119,0
9125,0
9129,0
9130,0
9132,0
9137,0
9138,0
9141,0
9142,0
9144,0
9145,0
9146,0
9148,0
9152,0
9153,0
9154,0
9159,0
9162,0
9168,0
9169,0
9170,0
9171,0
9172,0
9173,0
9174,0
9179,0
9181,0
9186,0
9189,0
9194,0
9199,0
9203,0
9205,0
9207,0
9208,0
9210,0
9220,0
9221,0
9222,36.13
9232,0
9233,0
9235,0
9240,0
9244,0
9248,0
9252,0
9254,0
9257,0
9259,10.01
9260,13.44
9264,0
9265,0
9267,0
9270,0
9273,0
9276,0
9299,0
9307,0
9308,0
9309,0
9311,0
9318,0
9320,0
9321,0
9326,0
9328,0
9329,0
9342,0
9343,0
9344,0
9345,0
9347,0
9349,0
9350,0
9352,0
9357,0
9359,0
9361,0
9363,0
9364,0
9367,0
9374,0
9376,0
9377,0
9379,0
9384,0
9390,0
9393,0
9394,0
9395,0
9400,0
9401,0
9407,0
9408,0
9409,0
9410,0
9411,0
9413,0
9414,0
9416,0
9418,0
9419,0
9421,0
9422,0
9426,0
9430,0
9431,0
9432,0
9433,0
9440,0
9442,0
9443,0
9444,0
9445,0
9448,0
9453,0
9454,0
9456,0
9461,0
9463,0
9464,0
9465,0
9468,0
9469,0
9471,0
9472,0
9474,0
9475,0
9476,0
9477,0
9478,0
9479,0
9480,0
9481,0
9483,0
9484,0
9485,0
9486,0
9488,0
9491,0
9494,0
9499,0
9503,0
9505,0
9506,0
9507,0
9508,0
9509,0
9510,0
9511,0
9512,0
9513,0
9514,0
9515,0
9516,0
9517,0
9518,0
9520,0
9521,0
9522,0
9523,0
9524,0
9525,0
9526,0
9527,0
9528,0
9529,0
9530,0
9534,0
9538,0
9539,0
9540,0
9542,0
9543,0
9546,0
9547,0
9548,0
9549,0
9556,0
9558,0
9559,0
9560,31.9
9562,0
9563,0
9564,0
9565,0
9566,0
9567,0
9568,0
9569,0
9570,0
9572,0
9573,0
9574,0
9576,0
9577,0
9578,0
9579,0
9580,0
9582,0
9584,0
9586,0
9589,0
9593,0
9594,0
9595,0
9596,0
9597,0
9600,0
9602,0
9603,0
9604,0
9605,0
9606,0
9607,0
9608,0
9610,0
9617,0
9618,0
9620,0
9621,0
9622,0
9624,0
9629,0
9630,0
9631,0
9632,0
9633,0
9634,0
9635,0
9636,0
9639,0
9641,0
9644,0
9645,0
9646,0
9647,0
9648,0
9649,0
9651,0
9652,0
9657,0
9661,0
9662,0
9666,0
9669,12.56
9673,0
9674,0
9683,0
9685,0
9694,0
9699,0
9719,0
9745,0
9756,0
9777,0
9778,0
9783,0
9784,0
9786,0
9787,0
9792,0
9795,0
9797,0
9798,0
9799,0
9802,0
9803,0
9804,0
9807,0
9808,0
9809,0
9811,0
9813,0
9815,0
9816,0
9818,0
9822,0
9823,0
9824,0
9825,0
9826,0
9827,0
9830,0
9833,0
9834,0
9835,0
9837,0
9839,0
9840,0
9841,0
9843,0
9845,0
9849,0
9851,0
9855,0
9859,0
9861,0
9862,0
9866,0
9867,0
9868,0
9872,0
9875,0
9876,0
9878,0
9879,0
9880,0
9881,0
9886,0
9889,0
9890,0
9892,0
9896,0
9897,0
9901,0
9907,0
9908,0
9910,0
9911,0
9912,0
9917,0
9920,0
9924,0
9927,0
9934,0
9943,0
9945,0
9947,0
9948,16.81
9950,0
9951,0
9958,0
9960,0
9968,0
9973,0
9982,0
9986,0
9987,0
9988,0
9989,0
9990,0
9991,0
9992,0
9993,0
9994,0
9997,0
9999,0
10001,0
10002,0
10008,0
10009,0
10010,0
10011,0
10019,0
10021,0
10024,0
10025,0
10030,0
10033,0
10035,0
10040,0
10041,0
10043,0
10044,0
10046,0
10047,0
10048,0
10049,0
10050,0
10054,0
10057,0
10058,0
10064,0
10065,0
10068,25.8
10074,0
10077,0
10081,0
10082,0
10083,0
10086,0
10090,0
10092,0
10093,0
10094,0
10095,0
10097,0
10099,0
10100,0
10101,0
10103,0
10105,0
10110,0
10112,0
10116,0
10117,0
10118,0
10121,0
10122,0
10125,0
10132,0
10136,0
10137,0
10138,0
10140,0
10145,0
10146,0
10152,10.44
10157,0
10159,0
10160,0
10164,0
10166,0
10168,0
10170,0
10181,0
10183,0
10193,0
10204,15.71
10214,0
10218,0
10224,0
10228,0
10229,0
10230,0
10231,0
10232,0
10233,0
10236,0
10237,0
10239,0
10240,0
10242,0
10245,0
10248,0
10249,0
10250,0
10252,0
10253,0
10257,11.27
10258,0
10259,0
10262,0
10263,0
10264,0
10265,0
10267,0
10269,0
10281,0
10283,0
10284,0
10288,0
10296,0
10299,0
10303,0
10305,0
10306,0
10308,0
10309,0
10310,0
10311,0
10313,0
10314,0
10317,0
10321,0
10322,0
10325,0
10328,0
10329,0
10330,0
10332,0
10333,0
10341,0
10343,0
10346,0
10349,0
10350,0
10356,0
10358,0
10359,0
10363,0
10368,0
10369,0
10382,0
10383,0
10384,0
10385,0
10386,0
10394,0
10395,0
10397,0
10402,0
10404,0
10405,0
10406,0
10408,0
10410,0
10414,0
10416,0
10419,0
10420,0
10426,0
10427,0
10428,0
10429,0
10430,15.15
10434,0
10435,0
10437,0
10439,0
10441,0
10442,0
10443,0
10450,0
10455,0
10456,0
10463,0
10464,0
10468,0
10472,0
10479,0
10480,0
10481,0
10483,0
10484,0
10486,0
10487,0
10488,0
10490,0
10494,0
10499,0
10502,0
10503,0
10504,0
10506,0
10507,18.92
10510,0
10512,0
10513,0
10516,0
10519,24.77
10521,0
10522,0
10523,0
10525,0
10531,0
10532,0
10533,0
10538,0
10542,0
10544,0
10546,0
10547,0
10548,0
10551,0
10554,0
10556,0
10562,0
10564,0
10566,0
10572,0
10578,0
10583,0
10586,0
10597,0
10601,0
10602,0
10608,0
10612,0
10614,0
10617,0
10618,0
10620,0
10621,0
10623,0
10624,0
10626,0
10627,0
10628,0
10629,0
10631,0
10633,0
10634,0
10635,0
10638,0
10639,12.07
10642,0
10645,0
10648,0
10658,0
10662,0
10666,0
10671,0
10673,0
10682,0
10684,0
10689,0
10690,0
10694,0
10698,0
10701,0
10706,0
10707,0
10710,0
10715,0
10718,0
10721,0
10723,0
10724,0
10729,0
10730,16.52
10731,0
10732,0
10734,0
10736,0
10738,0
10739,0
10740,0
10741,0
10743,0
10744,0
10746,0
10747,0
10748,10.52
10749,0
10751,0
10758,17.04
10762,0
10764,0
10765,0
10769,0
10770,0
10771,0
10772,0
10775,13.05
10781,0
10785,0
10786,0
10790,0
10791,0
10795,0
10797,0
10799,0
10800,0
10803,0
10804,0
10805,0
10806,0
10807,0
10808,0
10809,0
10816,0
10819,0
10822,0
10824,0
10825,0
10826,0
10829,0
10830,0
10833,0
10845,0
10846,0
10848,0
10850,0
10853,0
10860,0
10863,0
10864,0
10866,0
10868,0
10871,0
10874,0
10876,0
10877,0
10880,0
10881,0
10887,0
10888,0
10890,0
10891,0
10893,0
10896,0
10897,0
10899,0
10904,0
10905,0
10908,0
10909,0
10910,0
10911,0
10916,0
10918,24.49
10922,0
10925,0
10927,0
10930,0
10931,0
10932,0
10933,0
10935,0
10939,0
10953,0
10954,0
10958,0
10959,0
10961,0
10964,0
10967,0
10972,0
10979,0
10983,0
10986,0
10988,0
10989,0
10990,0
10995,0
10997,0
10998,0
10999,0
11005,0
11008,0
11015,0
11017,0
11023,0
11024,0
11034,0
11036,0
11039,0
11040,0
11041,0
11042,0
11044,0
11047,0
11049,0
11053,0
11054,0
11055,0
11057,0
11060,0
11061,0
11064,0
11068,0
11073,0
11075,0
11077,0
11081,0
11088,0
11090,0
11096,0
11098,0
11101,0
11107,35.3
11108,0
11110,0
11113,0
11114,0
11115,0
11120,0
11125,0
11126,0
11130,0
11139,0
11140,0
11141,0
11145,0
11154,0
11155,0
11158,0
11161,0
11168,0
11169,0
11170,0
11171,0
11173,0
11174,0
11179,0
11180,0
11182,0
11186,0
11187,0
11189,0
11192,0
11196,0
11198,0
11199,0
11210,0
11212,0
11213,0
11214,0
11217,0
11218,0
11219,0
11223,0
11224,0
11225,0
11226,0
11228,0
11230,0
11232,0
11235,0
11239,0
11240,0
11244,0
11245,0
11246,0
11248,0
11249,0
11250,0
11253,0
11255,0
11258,0
11260,0
11261,0
11264,0
11267,0
11275,0
11277,0
11278,0
11283,0
11287,0
11288,0
11293,0
11299,0
11303,0
11305,0
11309,0
11311,0
11313,0
11315,0
11316,0
11317,0
11319,0
11323,0
11325,0
11326,0
11327,0
11328,0
11330,0
11331,0
11333,0
11334,0
11337,15.94
11339,0
11342,0
11345,0
11346,0
11348,0
11353,0
11355,10.84
11356,0
11359,0
11360,0
11367,0
11371,0
11372,0
11373,0
11374,0
11376,0
11378,0
11379,0
11382,0
11383,12.11
11387,0
11388,0
11395,0
11397,0
11401,0
11403,0
11406,0
11409,0
11416,0
11418,0
11419,0
11425,0
11429,0
11448,0
11452,0
11455,0
11458,0
11461,12.98
11462,0
11464,0
11473,0
11479,0
11484,0
11488,0
11489,0
11500,0
11505,0
11507,0
11509,0
11513,0
11517,0
11518,0
11519,0
11520,0
11522,0
11523,0
11524,0
11525,0
11529,0
11530,0
11531,0
11532,0
11534,0
11535,0
11537,0
11540,0
11550,0
11552,0
11553,0
11554,0
11564,0
11565,0
11566,0
11567,0
11568,0
11572,0
11580,0
11581,0
11582,0
11583,0
11584,0
11589,0
11590,0
11594,0
11596,0
11597,0
11601,0
11602,0
11606,0
11607,0
11609,0
11613,0
11614,0
11615,0
11617,0
11619,0
11622,0
11624,0
11627,0
11629,0
11636,0
11637,0
11639,0
11646,0
11647,0
11651,0
11654,0
11657,0
11658,0
11659,0
11660,0
11661,0
11666,0
11667,0
11674,0
11682,0
11687,0
11688,0
11691,0
11693,0
11694,0
11699,0
11700,0
11701,0
11703,0
11705,0
11707,0
11711,0
11712,0
11715,0
11716,0
11725,0
11731,0
11732,0
11735,0
11741,0
11745,0
11749,0
11755,0
11761,0
11764,0
11767,0
11770,0
11773,0
11780,0
11785,0
11788,0
11793,0
11801,0
11802,14.36
11803,0
11807,0
11810,0
11811,0
11815,14.73
11816,0
11820,0
11827,0
11828,0
11829,0
11830,0
11834,0
11836,0
11840,0
11846,0
11853,0
11855,0
11858,0
11859,35.44
11860,0
11862,0
11872,0
11873,0
11874,0
11876,0
11877,0
11882,0
11884,0
11887,0
11892,0
11898,0
11899,0
11900,0
11901,0
11915,0
11922,0
11926,0
11928,0
11932,0
11935,0
11938,0
11939,0
11940,0
11942,0
11944,0
11947,0
11951,0
11956,0
11964,0
11966,0
11969,0
11971,0
11974,0
11976,0
11977,0
11979,0
11980,0
11983,0
12000,0
12001,0
12003,0
12005,0
12006,0
12015,0
12017,0
12018,0
12022,0
12029,0
12030,0
12032,0
12033,0
12035,0
12036,0
12037,0
12041,0
12043,0
12046,0
12051,15.53
12053,0
12056,0
12057,0
12058,0
12062,0
12064,0
12065,0
12071,0
12073,0
12079,0
12081,0
12083,0
12086,0
12090,0
12092,0
12093,0
12099,0
12102,0
12103,0
12106,0
12108,0
12109,0
12112,0
12114,0
12119,0
12121,0
12127,0
12135,0
12142,0
12144,0
12145,0
12161,0
12169,0
12172,0
12175,0
12176,0
12177,0
12181,0
12182,0
12184,0
12192,0
12196,0
12201,0
12203,0
12204,0
12207,0
12215,0
12218,0
12220,0
12221,0
12222,0
12226,0
12230,0
12232,0
12236,0
12241,0
12252,0
12254,0
12255,0
12257,0
12260,0
12261,0
12264,0
12266,0
12271,0
12272,0
12277,0
12278,0
12280,0
12282,0
12284,0
12291,0
12304,0
12305,0
12307,0
12311,0
12314,0
12317,0
12320,0
12323,0
12324,0
12325,0
12333,0
12334,0
12335,0
12336,0
12339,0
12340,0
12341,25.07
12343,0
12344,15.05
12347,0
12348,0
12350,0
12352,0
12356,0
12358,0
12362,0
12364,0
12368,0
12369,0
12370,0
12371,0
12373,0
12378,0
12379,0
12383,0
12396,0
12398,0
12401,0
12408,0
12412,0
12413,0
12415,0
12417,0
12422,0
12423,10.89
12425,0
12430,0
12431,0
12432,0
12437,0
12438,0
12445,0
12447,0
12449,0
12451,0
12452,0
12454,0
12460,0
12466,0
12475,0
12480,0
12489,0
12492,0
12496,0
12497,0
12498,0
12499,0
12500,0
12501,0
12504,0
12505,0
12506,0
12507,0
12508,0
12509,0
12514,0
12515,0
12523,0
12524,0
12527,0
12528,0
12532,0
12533,0
12534,0
12536,21.93
12537,0
12538,0
12540,0
12543,0
12544,0
12552,0
12554,0
12561,0
12570,0
12579,0
12582,0
12584,0
12589,0
12598,0
12599,0
12601,0
12603,0
12609,0
12621,0
12622,0
12626,0
12627,0
12629,0
12631,0
12632,0
12633,0
12640,0
12642,0
12648,0
12650,0
12651,0
12654,0
12661,0
12662,0
12663,0
12669,0
12670,0
12674,0
12677,0
12678,0
12679,0
12684,0
12688,0
12705,0
12710,0
12712,0
12714,0
12715,0
12719,0
12730,0
12731,0
12735,0
12744,0
12749,0
12750,0
12761,0
12765,0
12766,0
12767,0
12772,0
12778,0
12782,0
12789,0
12790,0
12792,0
12793,0
12795,0
12799,0
12800,0
12805,0
12806,0
12807,0
12813,0
12818,0
12819,0
12824,0
12825,0
12826,0
12836,0
12837,0
12840,0
12844,0
12846,0
12848,0
12850,0
12851,0
12853,0
12857,0
12858,0
12861,0
12863,0
12865,0
12869,0
12870,0
12871,0
12875,0
12879,0
12890,0
12892,0
12896,0
12903,0
12907,0
12911,0
12914,0
12923,0
12927,0
12930,0
12937,0
12938,0
12943,0
12945,0
12954,0
12957,0
12958,0
12959,0
12961,0
12966,0
12973,0
12980,0
12981,0
12983,0
13001,0
13002,0
13004,0
13005,0
13010,0
13019,0
13023,0
13026,0
13028,0
13042,0
13043,0
13045,0
13046,0
13047,0
13049,0
13052,0
13053,0
13060,0
13066,0
13079,0
13083,0
13086,0
13089,0
13090,0
13091,0
13092,0
13096,0
13097,0
13098,0
13103,0
13105,0
13106,0
13108,0
13121,0
13126,0
13130,0
13132,0
13140,0
13145,0
13155,0
13156,0
13161,0
13166,10.29
13170,0
13173,0
13192,0
13193,0
13194,0
13195,0
13207,0
13213,0
13216,0
13222,0
13225,0
13227,0
13239,0
13248,0
13255,0
13256,0
13257,0
13259,0
13260,0
13266,0
13267,0
13268,0
13271,0
13272,0
13275,0
13277,0
13280,0
13282,0
13284,0
13303,0
13307,0
13308,0
13310,0
13316,0
13320,0
13323,0
13338,0
13340,0
13348,0
13350,0
13358,0
13366,0
13368,0
13374,0
13382,0
13384,0
13386,0
13396,0
13403,0
13405,0
13408,0
13419,0
13427,0
13431,0
13441,0
13449,0
13452,0
13455,0
13458,11.9
13459,0
13460,0
13462,0
13469,0
13477,0
13481,0
13487,0
13490,0
13494,0
13495,0
13518,0
13521,0
13533,0
13539,0
13554,0
13555,0
13556,0
13560,0
13563,0
13566,0
13568,0
13570,0
13572,0
13573,0
13576,0
13583,0
13585,0
13586,0
13587,0
13588,0
13590,0
13593,0
13594,0
13597,0
13607,0
13609,0
13612,0
13622,0
13623,0
13632,0
13636,0
13637,0
13643,0
13644,0
13650,0
13653,0
13657,0
13664,0
13667,0
13672,0
13675,0
13681,0
13686,0
13687,0
13690,0
13692,0
13696,0
13698,0
13701,0
13705,0
13709,0
13711,0
13715,0
13717,0
13720,0
13722,0
13736,0
13738,0
13745,0
13749,0
13750,0
13757,0
13759,0
13760,0
13761,0
13764,0
13767,0
13768,0
13770,12.94
13772,0
13774,0
13775,0
13776,0
13780,0
13783,0
13786,0
13788,0
13791,0
13794,0
13800,0
13802,0
13806,0
13810,0
13811,0
13812,0
13817,0
13818,0
13819,0
13820,0
13821,0
13822,15.52
13825,0
13827,0
13828,0
13829,0
13835,0
13836,0
13838,0
13841,0
13843,34.49
13845,0
13848,0
13849,0
13853,0
13854,0
13856,0
13857,0
13860,0
13865,0
13866,0
13868,0
13874,0
13876,0
13877,0
13878,0
13879,0
13880,0
13881,0
13885,0
13887,0
13891,0
13893,0
13895,0
13897,0
13901,0
13904,0
13905,0
13906,0
13910,0
13911,0
13912,0
13913,0
13914,0
13917,0
13918,0
13921,0
13924,0
13926,0
13927,0
13930,0
13932,0
13933,0
13934,0
13935,0
13938,0
13944,0
13945,0
13946,0
13947,0
13948,0
13949,0
13950,0
13952,0
13954,0
13956,0
13959,0
13960,0
13964,0
13967,0
13968,0
13969,0
13972,0
13977,0
13979,0
13982,0
13983,0
13984,0
13990,0
13992,0
13993,0
13995,0
13997,0
13999,0
14005,0
14006,0
14007,0
14011,0
14013,0
14014,0
14015,10.45
14019,0
14022,0
14026,0
14030,0
14031,0
14033,0
14037,0
14042,0
14043,0
14047,0
14048,0
14051,0
14053,0
14055,0
14057,0
14059,17.58
14060,0
14062,0
14063,0
14065,0
14071,0
14072,0
14074,0
14076,0
14078,0
14080,0
14081,0
14084,0
14085,0
14086,0
14087,0
14088,0
14090,0
14091,0
14092,0
14093,0
14095,0
14096,0
14098,0
14099,0
14101,0
14104,0
14105,0
14106,0
14107,0
14108,0
14109,0
14114,0
14118,0
14122,0
14123,0
14127,0
14128,0
14132,0
14133,0
14135,0
14137,0
14138,0
14139,0
14140,0
14141,0
14142,0
14143,0
14145,0
14146,0
14147,0
14148,0
14150,0
14151,0
14152,0
14153,0
14155,0
14156,0
14157,0
14158,0
14160,0
14161,0
14162,0
14168,0
14176,0
14177,0
14179,0
14181,0
14190,0
14194,0
14195,0
14197,0
14199,0
14205,0
14206,0
14208,0
14211,0
14212,0
14213,0
14214,0
14215,0
14217,0
14219,0
14222,0
14223,0
14224,0
14225,0
14226,0
14227,0
14228,0
14229,0
14230,0
14231,0
14234,0
14236,0
14237,0
14238,0
14239,0
14240,0
14242,0
14243,0
14244,0
14245,0
14246,0
14247,0
14248,0
14249,0
14251,0
14253,0
14254,0
14255,0
14256,0
14258,0
14259,0
14261,0
14262,0
14263,0
14264,0
14266,0
14267,0
14268,0
14269,0
14270,0
14271,0
14273,0
14274,10.36
14276,0
14277,0
14278,0
14284,0
14288,0
14289,0
14290,0
14291,0
14293,0
14294,0
14295,0
14298,0
14302,0
14304,0
14306,0
14307,0
14308,0
14312,0
14316,0
14317,0
14318,0
14319,0
14322,0
14324,0
14325,0
14326,0
14328,0
14330,0
14332,0
14335,0
14338,0
14339,0
14340,0
14346,0
14349,0
14351,0
14353,0
14355,0
14356,0
14358,0
14359,0
14362,0
14364,0
14366,0
14367,0
14368,0
14369,0
14370,0
14371,0
14373,0
14374,0
14375,0
14379,0
14380,0
14382,0
14383,0
14386,0
14387,0
14388,0
14389,0
14391,0
14392,0
14395,0
14396,0
14397,0
14398,0
14399,0
14400,0
14402,0
14403,0
14411,0
14414,0
14417,0
14418,0
14420,0
14421,0
14422,0
14427,0
14430,0
14431,0
14432,0
14435,0
14436,0
14437,0
14439,0
14440,0
14441,0
14444,0
14447,0
14450,0
14453,0
14455,0
14457,0
14458,0
14460,0
14461,0
14462,0
14463,0
14464,0
14469,0
14472,0
14473,0
14481,0
14482,0
14483,0
14484,0
14486,0
14490,0
14492,0
14493,0
14494,0
14495,0
14496,0
14497,0
14498,0
14499,0
14502,0
14503,0
14504,0
14505,0
14509,0
14511,0
14512,0
14513,0
14515,0
14516,0
14517,0
14518,0
14519,12.45
14520,0
14522,0
14523,0
14524,0
14525,0
14526,0
14527,0
14529,0
14530,0
14531,0
14533,0
14534,0
14536,0
14537,0
14538,0
14545,0
14546,0
14547,0
14550,0
14552,0
14558,0
14561,0
14562,0
14563,0
14564,0
14565,0
14566,0
14567,0
14568,0
14569,0
14570,0
14571,0
14573,0
14574,0
14575,0
14576,0
14577,0
14578,0
14579,0
14581,0
14582,0
14583,0
14584,0
14585,0
14586,0
14587,0
14588,0
14589,0
14590,0
14592,0
14594,0
14595,0
14596,0
14597,0
14598,0
14599,0
14600,0
14602,0
14603,0
14604,0
14605,0
14606,0
14607,0
14608,0
14610,0
14614,0
14615,0
14616,0
14617,0
14618,0
14619,0
14621,0
14623,0
14625,0
14626,0
14627,0
14629,0
14630,22.54
14631,0
14634,0
14635,0
14636,0
14637,0
14638,0
14639,0
14640,0
14641,0
14645,0
14646,0
14648,0
14650,0
14652,0
14653,0
14654,0
14655,0
14656,0
14657,0
14658,0
14659,0
14660,0
14661,0
14664,0
14665,0
14666,0
14669,0
14671,0
14673,0
14674,0
14675,0
14679,0
14680,0
14682,0
14684,0
14686,0
14687,0
14689,0
14690,0
14691,0
14692,0
14693,0
14695,0
14696,0
14697,0
14698,0
14699,0
14700,0
14701,0
14702,0
14703,0
14704,0
14705,0
14706,0
14709,0
14713,0
14715,0
14716,0
14717,0
14718,0
14720,0
14725,0
14727,0
14728,0
14729,0
14730,0
14731,0
14732,0
14733,0
14734,0
14737,0
14739,0
14740,0
14741,0
14742,0
14743,0
14744,0
14745,0
14746,0
14747,0
14748,0
14749,0
14750,0
14752,0
14753,0
14754,0
14757,0
14759,0
14760,0
14761,0
14762,0
14763,0
14764,0
14766,0
14767,0
14768,0
14769,0
14770,0
14771,0
14772,0
14773,0
14774,0
14776,0
14778,0
14779,0
14780,0
14781,0
14783,0
14785,0
14787,0
14788,0
14792,0
14793,0
14795,0
14796,0
14797,10.37
14798,0
14799,0
14800,0
14801,0
14802,0
14803,0
14805,0
14806,0
14807,0
14809,0
14811,0
14812,0
14813,0
14814,0
14815,0
14816,0
14818,0
14819,0
14824,0
14826,0
14831,0
14838,0
14839,0
14840,0
14841,0
14844,0
14845,0
14847,0
14848,0
14849,0
14852,0
14853,0
14855,0
14856,0
14860,0
14861,0
14862,0
14865,0
14872,0
14873,0
14875,0
14876,0
14877,0
14878,0
14879,0
14880,0
14881,0
14882,0
14885,0
14888,0
14892,0
14894,0
14895,0
14896,0
14897,0
14898,0
14899,0
14901,0
14902,0
14903,0
14904,0
14911,0
14913,0
14917,0
14918,0
14919,0
14922,0
14923,0
14924,0
14926,0
14927,0
14928,0
14930,0
14931,0
14932,0
14933,0
14934,0
14936,0
14937,0
14938,0
14939,0
14941,0
14942,0
14943,0
14949,0
14950,0
14951,0
14952,0
14953,0
14954,0
14957,0
14959,0
14960,0
14961,0
14964,0
14965,0
14966,0
14967,0
14968,0
14969,0
14970,0
14971,0
14974,0
14976,0
14977,0
14978,0
14979,0
14980,0
14981,0
14982,0
14983,0
14984,0
14985,0
14986,0
14988,0
14990,0
14992,0
14993,0
14994,0
14995,0
14998,10.6
14999,0
15000,0
15001,0
15003,0
15005,0
15006,0
15007,0
15009,0
15011,0
15012,0
15013,0
15014,0
15015,0
15017,0
15018,0
15019,0
15023,0
15024,0
15026,0
15027,0
15028,0
15029,0
15030,0
15032,0
15033,0
15034,11.7
15036,0
15040,0
15041,0
15042,0
15044,0
15045,0
15049,0
15050,0
15052,0
15053,0
15054,0
15055,0
15056,0
15057,0
15058,0
15059,0
15060,0
15061,0
15062,0
15064,0
15066,0
15067,0
15068,0
15069,0
15070,0
15073,0
15074,0
15075,0
15076,0
15077,0
15079,0
15080,11.02
15081,0
15082,0
15083,0
15084,21.53
15086,0
15087,0
15088,0
15091,0
15094,0
15095,0
15096,0
15097,0
15098,0
15099,0
15102,0
15103,0
15104,0
15106,0
15107,0
15108,0
15109,0
15110,0
15112,0
15113,0
15114,0
15115,0
15117,0
15118,0
15119,0
15120,10.14
15122,0
15123,0
15125,0
15126,0
15127,0
15128,0
15129,0
15130,0
15131,0
15132,0
15133,0
15135,0
15136,0
15139,0
15142,0
15146,0
15149,0
15152,0
15155,0
15156,0
15158,0
15160,0
15161,0
15166,0
15167,0
15168,0
15170,0
15171,0
15172,0
15174,0
15175,0
15176,0
15177,0
15178,0
15179,0
15180,0
15181,0
15182,0
15183,0
15184,0
15185,0
15186,0
15189,0
15190,0
15191,0
15192,0
15193,0
15194,0
15196,0
15197,0
15198,0
15199,0
15202,0
15203,0
15206,0
15207,0
15208,0
15209,0
15211,0
15212,0
15213,0
15214,0
15215,0
15216,0
15217,0
15218,0
15219,0
15220,0
15223,0
15225,0
15226,0
15227,0
15228,0
15231,0
15232,0
15233,0
15234,0
15235,0
15236,0
15237,0
15238,0
15242,0
15243,0
15244,0
15245,0
15248,0
15249,0
15250,0
15252,0
15253,0
15254,0
15255,0
15256,0
15257,0
15259,0
15261,0
15268,0
15269,0
15271,0
15274,0
15276,0
15277,0
15278,0
15279,0
15280,0
15281,0
15282,0
15283,0
15285,0
15286,0
15287,0
15290,0
15291,0
15293,0
15294,0
15296,0
15298,0
15299,0
15300,0
15304,0
15305,0
15307,0
15308,0
15309,0
15310,0
15311,0
15312,0
15313,0
15316,0
15317,0
15320,0
15321,0
15322,0
15323,0
15325,0
15326,0
15327,0
15328,0
15330,0
15331,0
15332,0
15333,0
15334,0
15335,0
15338,0
15339,0
15340,0
15343,0
15344,0
15346,0
15347,0
15348,0
15349,0
15351,0
15352,0
15353,0
15354,0
15355,0
15356,0
15357,0
15358,0
15359,0
15360,0
15361,0
15363,0
15364,0
15365,0
15366,0
15367,0
15368,0
15369,0
15370,0
15371,0
15372,0
15373,12.35
15374,0
15375,0
15376,0
15377,0
15379,0
15380,0
15381,0
15382,0
15383,0
15385,0
15386,0
15387,0
15388,0
15389,0
15390,0
15392,0
15394,0
15395,0
15396,0
15397,0
15398,0
15399,0
15400,0
15403,0
15404,0
15405,0
15408,0
15411,0
15412,0
15413,0
15414,0
15416,0
15417,0
15419,0
15420,0
15421,0
15423,0
15425,0
15426,0
15428,0
15429,0
15430,12.86
15431,0
15432,0
15434,0
15435,0
15436,0
15437,0
15439,0
15441,0
15444,0
15445,0
15447,0
15448,0
15449,0
15450,0
15452,0
15453,0
15454,0
15455,0
15458,0
15459,0
15460,0
15461,0
15462,0
15463,0
15464,0
15465,0
15466,0
15467,0
15468,0
15469,0
15471,0
15472,0
15473,0
15474,0
15475,0
15476,0
15477,0
15479,0
15481,0
15484,0
15487,0
15489,0
15490,0
15492,0
15493,0
15494,0
15495,0
15496,0
15499,0
15500,0
15502,0
15503,0
15505,0
15506,0
15507,0
15508,0
15509,0
15512,0
15514,0
15515,0
15516,0
15517,0
15518,0
15519,0
15520,0
15522,0
15523,0
15524,0
15525,0
15526,0
15527,0
15528,0
15531,0
15533,0
15534,0
15535,0
15536,0
15537,0
15538,0
15539,0
15541,0
15542,0
15545,0
15546,0
15547,0
15548,0
15549,0
15550,0
15551,0
15552,0
15553,0
15555,0
15557,0
15558,0
15559,0
15561,0
15563,0
15564,0
15566,0
15567,0
15568,0
15569,0
15571,0
15572,0
15574,0
15575,0
15576,0
15577,0
15578,0
15579,0
15581,0
15582,0
15584,0
15585,0
15586,0
15587,0
15589,0
15590,0
15591,0
15592,0
15593,0
15594,0
15595,0
15596,0
15597,0
15598,0
15599,0
15600,0
15601,0
15602,0
15603,0
15604,0
15605,0
15607,0
15608,0
15609,0
15610,0
15611,0
15612,0
15613,0
15614,0
15616,0
15617,0
15619,0
15620,0
15621,0
15623,0
15624,0
15625,0
15627,0
15628,0
15630,0
15631,0
15632,0
15633,0
15634,0
15635,0
15637,0
15638,0
15640,0
15641,0
15642,0
15643,0
15645,0
15647,0
15648,0
15649,0
15650,0
15651,0
15652,0
15653,0
15654,0
15655,0
15656,0
15658,0
15659,0
15661,0
15662,0
15664,0
15665,0
15667,0
15668,0
15670,0
15673,10.98
15674,0
15675,0
15677,0
15678,0
15679,0
15681,0
15682,0
15684,0
15686,0
15688,0
15689,0
15691,0
15692,0
15693,0
15694,0
15695,0
15696,0
15697,0
15698,0
15699,0
15700,0
15701,0
15702,0
15703,0
15704,0
15705,0
15707,0
15708,0
15709,0
15710,0
15712,0
15713,0
15714,0
15718,0
15719,0
15720,0
15721,0
15722,0
15723,0
15724,0
15725,0
15727,0
15729,0
15730,0
15731,0
15733,0
15734,0
15735,0
15736,0
15737,0
15738,0
15740,0
15742,0
15743,0
15746,0
15747,0
15749,0
15750,0
15751,0
15753,0
15755,0
15756,0
15757,0
15759,0
15761,0
15762,0
15763,0
15765,0
15766,0
15767,0
15768,0
15770,0
15771,0
15772,0
15774,0
15775,0
15776,0
15777,0
15778,0
15780,0
15781,0
15785,0
15786,0
15788,0
15789,0
15790,0
15792,0
15794,0
15795,0
15796,0
15797,0
15798,0
15799,0
15801,0
15802,0
15803,0
15804,0
15805,0
15807,0
15808,0
15809,0
15811,0
15812,0
15813,0
15814,10.8
15817,0
15818,0
15819,0
15820,0
15821,0
15822,0
15823,0
15824,0
15825,0
15826,0
15827,0
15829,0
15830,0
15831,0
15832,0
15833,0
15835,0
15836,0
15837,0
15839,0
15840,0
15841,0
15842,0
15844,0
15845,0
15846,0
15847,0
15848,0
15849,0
15851,0
15853,0
15855,0
15856,0
15857,0
15858,0
15860,0
15861,0
15862,0
15863,0
15864,0
15866,0
15868,0
15869,0
15870,0
15872,0
15874,0
15875,0
15876,0
15877,0
15878,0
15879,0
15880,0
15882,0
15883,0
15885,0
15886,0
15887,0
15888,0
15889,0
15890,0
15891,0
15892,0
15893,0
15894,0
15897,0
15899,0
15900,0
15903,0
15904,0
15905,0
15906,0
15907,0
15908,0
15909,0
15911,0
15912,0
15913,0
15915,0
15916,0
15917,0
15918,0
15922,0
15923,0
15924,0
15926,0
15927,0
15928,0
15930,0
15932,0
15933,0
15934,0
15935,0
15936,0
15937,0
15939,0
15940,0
15941,0
15942,0
15943,0
15944,0
15945,0
15946,0
15947,0
15949,0
15951,0
15952,0
15953,0
15954,0
15955,0
15957,0
15958,0
15959,0
15961,0
15964,13.88
15966,0
15967,0
15968,0
15970,0
15971,0
15972,0
15973,0
15974,0
15975,0
15976,0
15977,0
15978,0
15979,0
15980,0
15983,0
15986,0
15987,0
15988,0
15990,0
15991,0
15994,0
15995,0
15996,0
15997,0
15999,0
16000,0
16001,0
16002,0
16004,0
16005,0
16006,0
16007,0
16008,0
16011,0
16014,0
16015,0
16018,0
16019,0
16020,0
16021,0
16022,0
16025,0
16028,0
16029,0
16032,0
16033,0
16034,0
16036,0
16037,0
16038,0
16039,0
16040,0
16041,14.71
16043,0
16045,0
16047,0
16050,0
16051,0
16053,0
16054,0
16055,16.42
16056,0
16058,0
16059,0
16060,0
16062,0
16063,0
16064,0
16066,0
16068,0
16069,0
16070,0
16072,0
16073,0
16075,0
16076,0
16077,0
16078,0
16079,0
16080,0
16081,0
16082,0
16083,0
16085,0
16087,0
16088,0
16089,0
16090,0
16091,0
16092,0
16093,11.67
16094,0
16095,0
16096,0
16097,0
16098,0
16099,0
16101,0
16102,0
16104,0
16105,0
16106,0
16107,0
16109,0
16110,0
16111,0
16112,0
16114,0
16116,0
16117,0
16118,0
16119,0
16121,0
16122,0
16124,0
16125,0
16126,0
16127,0
16131,0
16132,0
16133,0
16134,0
16136,0
16137,0
16138,0
16140,0
16141,0
16143,0
16144,0
16145,0
16146,0
16147,0
16148,0
16150,0
16153,0
16154,0
16155,0
16157,0
16158,0
16159,0
16160,0
16161,0
16162,0
16164,0
16165,0
16168,0
16172,0
16173,0
16174,0
16176,0
16177,0
16179,0
16180,0
16182,0
16183,0
16184,0
16186,0
16188,0
16189,0
16190,0
16191,0
16193,0
16196,0
16197,0
16198,0
16199,0
16200,0
16201,0
16203,0
16204,0
16206,0
16207,0
16208,0
16212,0
16213,0
16214,0
16216,0
16217,0
16218,0
16219,0
16222,0
16223,0
16224,0
16226,0
16227,0
16228,0
16229,0
16231,0
16232,0
16234,0
16235,0
16236,0
16239,0
16240,0
16241,0
16242,0
16243,0
16245,0
16247,0
16250,0
16252,0
16254,0
16256,0
16257,0
16261,0
16262,0
16263,0
16264,0
16265,0
16266,0
16267,0
16269,0
16270,0
16272,0
16273,0
16274,0
16275,0
16277,0
16278,0
16279,0
16281,0
16282,0
16283,0
16284,0
16285,0
16286,0
16288,0
16289,0
16290,0
16291,0
16292,0
16293,0
16294,0
16295,0
16296,0
16297,0
16298,0
16299,0
16300,0
16301,0
16302,0
16303,0
16304,0
16305,0
16306,0
16307,0
16308,0
16309,0
16310,0
16311,0
16312,0
16313,0
16315,0
16316,0
16317,0
16318,0
16321,0
16323,0
16326,0
16327,0
16328,0
16333,0
16334,0
16335,0
16339,0
16340,0
16341,0
16344,0
16345,0
16347,0
16348,0
16349,0
16351,0
16354,0
16357,0
16358,0
16359,0
16361,0
16362,0
16364,0
16365,0
16366,0
16367,0
16368,0
16369,0
16370,0
16371,0
16372,0
16373,0
16374,0
16375,0
16377,0
16378,0
16379,0
16380,0
16381,0
16382,0
16383,0
16384,0
16385,0
16386,0
16387,0
16388,0
16389,0
16392,0
16393,0
16394,0
16395,0
16397,0
16398,0
16401,0
16402,0
16403,0
16404,0
16405,0
16406,0
16407,0
16408,0
16410,0
16411,0
16412,0
16415,0
16416,0
16417,0
16418,13.77
16419,0
16420,0
16421,0
16422,0
16423,0
16424,0
16425,0
16426,0
16427,0
16428,0
16429,0
16430,0
16433,0
16434,0
16436,0
16439,0
16440,0
16441,0
16442,0
16443,0
16444,0
16445,0
16446,0
16447,0
16450,0
16454,0
16455,0
16456,0
16458,0
16462,0
16464,0
16468,0
16469,0
16474,0
16476,0
16477,0
16479,0
16481,0
16482,0
16483,0
16485,0
16486,0
16489,0
16490,0
16491,0
16492,0
16493,0
16495,0
16496,21.37
16497,0
16498,0
16499,0
16500,0
16501,0
16502,0
16503,0
16504,0
16505,0
16506,0
16507,0
16508,0
16509,0
16510,0
16511,0
16512,0
16513,0
16514,0
16515,0
16516,0
16517,0
16518,0
16519,0
16521,0
16522,0
16523,0
16524,0
16525,0
16526,0
16527,0
16528,0
16529,0
16530,0
16531,0
16532,0
16533,0
16534,0
16535,0
16536,0
16537,0
16538,0
16539,0
16540,0
16541,0
16542,0
16544,0
16546,0
16547,0
16548,0
16549,0
16550,0
16551,0
16553,0
16554,0
16555,0
16556,0
16557,0
16558,0
16559,0
16560,0
16561,0
16564,0
16565,0
16566,0
16567,0
16568,0
16569,0
16570,0
16571,0
16572,0
16573,0
16574,0
16575,0
16576,0
16577,0
16578,0
16579,0
16580,0
16581,0
16582,0
16583,0
16584,0
16585,0
16587,0
16588,0
16589,0
16590,0
16591,0
16592,0
16593,0
16594,0
16595,0
16596,0
16597,0
16598,0
16599,0
16601,0
16602,0
16603,0
16604,0
16606,0
16607,0
16610,0
16612,0
16613,0
16614,0
16615,0
16616,0
16617,0
16618,0
16619,0
16620,0
16621,0
16622,0
16623,0
16625,0
16626,0
16628,0
16629,0
16630,0
16631,0
16632,0
16635,0
16638,0
16640,0
16641,0
16643,0
16645,0
16646,0
16647,0
16648,0
16649,0
16650,0
16651,0
16652,0
16653,0
16654,0
16655,0
16656,0
16657,0
16658,0
16659,0
16661,0
16662,0
16663,0
16667,0
16669,0
16671,0
16672,0
16673,0
16674,0
16675,0
16677,0
16678,0
16679,0
16680,0
16681,0
16682,0
16683,0
16684,0
16685,0
16686,0
16688,0
16689,0
16691,0
16693,0
16694,0
16695,0
16696,0
16697,0
16699,0
16700,0
16701,0
16702,0
16703,0
16704,0
16705,0
16706,0
16707,0
16708,0
16709,0
16710,0
16711,0
16712,0
16713,0
16714,0
16715,0
16717,0
16718,0
16719,0
16720,0
16721,0
16725,0
16728,0
16737,0
16744,0
16745,0
16746,0
16747,0
16750,0
16752,0
16755,0
16756,0
16757,0
16758,0
16760,0
16761,0
16764,0
16765,0
16767,0
16768,0
16769,0
16770,0
16771,0
16773,0
16774,0
16775,0
16777,0
16778,0
16779,0
16780,0
16782,0
16783,0
16787,0
16788,0
16789,0
16790,0
16791,0
16792,0
16794,0
16797,0
16798,0
16800,0
16801,0
16803,0
16805,0
16806,0
16807,0
16811,0
16812,0
16813,0
16814,0
16815,0
16817,0
16818,0
16819,0
16821,0
16822,0
16823,0
16825,0
16826,0
16828,0
16829,0
16830,0
16831,0
16833,0
16834,0
16836,0
16837,0
16838,0
16839,0
16840,0
16841,0
16842,0
16843,0
16844,0
16845,0
16846,0
16847,0
16848,0
16849,0
16851,0
16853,0
16854,0
16856,0
16857,0
16858,0
16859,0
16860,0
16861,0
16862,0
16863,0
16864,0
16865,0
16866,0
16869,0
16870,0
16871,0
16872,0
16873,0
16875,0
16876,0
16877,0
16878,0
16880,0
16881,0
16883,0
16885,0
16886,0
16888,0
16889,0
16890,0
16891,0
16892,0
16893,0
16895,0
16896,0
16897,0
16898,0
16900,0
16902,0
16903,0
16904,0
16908,0
16909,0
16910,0
16911,0
16912,0
16913,0
16915,0
16916,0
16917,0
16919,0
16920,0
16921,0
16922,0
16924,0
16925,0
16926,0
16929,0
16933,0
16935,0
16936,0
16937,0
16940,0
16941,0
16942,0
16943,0
16944,0
16945,0
16947,0
16948,0
16949,0
16950,0
16951,0
16952,0
16953,0
16955,0
16956,0
16957,0
16958,0
16959,0
16960,0
16961,0
16963,0
16964,0
16965,0
16966,0
16967,0
16969,0
16970,0
16971,0
16972,0
16973,0
16974,0
16975,0
16976,0
16977,0
16979,0
16980,0
16981,0
16983,0
16984,0
16985,0
16986,0
16988,0
16990,0
16992,0
16993,0
16995,0
16996,0
16998,0
16999,0
17000,0
17001,0
17002,0
17004,0
17005,0
17008,0
17009,0
17010,0
17011,0
17012,0
17013,0
17014,0
17015,0
17016,0
17017,0
17018,0
17021,0
17022,0
17023,0
17024,0
17025,0
17026,0
17027,0
17028,0
17029,0
17030,0
17031,0
17033,0
17034,0
17036,0
17037,0
17038,0
17041,0
17042,0
17043,0
17044,0
17046,0
17047,0
17048,0
17050,0
17051,0
17052,0
17053,0
17054,0
17056,0
17057,0
17059,0
17060,0
17061,0
17062,0
17066,0
17067,0
17068,0
17070,0
17071,0
17073,0
17074,0
17077,0
17078,0
17080,0
17081,0
17083,0
17084,0
17087,0
17088,0
17089,0
17090,0
17093,0
17094,0
17095,0
17097,0
17098,0
17099,0
17100,0
17102,0
17103,0
17104,0
17105,0
17106,0
17107,0
17108,0
17109,0
17110,0
17111,0
17114,0
17115,0
17116,0
17117,0
17118,0
17119,0
17120,0
17121,0
17126,0
17128,0
17135,0
17138,0
17140,0
17143,0
17144,0
17145,0
17147,0
17148,0
17149,0
17150,0
17152,0
17153,0
17154,0
17156,0
17157,0
17159,0
17160,0
17161,0
17165,0
17166,0
17167,0
17169,0
17172,0
17175,0
17178,0
17179,0
17183,0
17186,0
17187,0
17188,0
17189,0
17191,0
17192,0
17193,0
17196,0
17198,0
17199,0
17201,0
17204,0
17205,0
17206,0
17208,0
17211,0
17212,0
17213,0
17214,0
17216,0
17219,0
17220,0
17221,0
17226,0
17227,0
17228,0
17229,0
17230,0
17233,0
17234,0
17235,0
17236,0
17237,0
17238,0
17240,0
17241,0
17242,0
17243,0
17244,0
17245,0
17246,0
17247,0
17248,0
17252,0
17253,0
17254,0
17255,0
17256,0
17257,0
17258,0
17260,0
17261,0
17262,0
17264,0
17265,0
17266,0
17267,0
17268,0
17269,0
17270,0
17271,0
17273,0
17274,0
17275,0
17277,0
17278,0
17279,0
17280,0
17282,0
17283,0
17284,0
17285,0
17287,0
17293,0
17294,0
17295,0
17296,0
17297,0
17298,0
17299,0
17300,0
17301,0
17302,0
17303,0
17305,0
17306,0
17307,0
17308,0
17309,0
17311,0
17312,0
17313,0
17314,0
17315,0
17316,0
17317,0
17318,0
17319,0
17321,0
17322,0
17323,0
17324,0
17327,0
17328,0
17329,0
17330,0
17332,0
17333,0
17334,0
17337,0
17338,0
17340,0
17341,0
17342,0
17344,0
17345,0
17347,0
17348,0
17350,0
17352,0
17353,0
17354,0
17356,0
17358,0
17359,0
17360,0
17361,0
17362,0
17363,0
17365,0
17366,0
17368,0
17369,0
17370,0
17372,0
17373,0
17374,0
17375,0
17377,0
17378,0
17379,0
17380,0
17382,0
17383,0
17386,0
17388,0
17390,0
17391,0
17392,0
17393,0
17394,0
17397,0
17398,0
17400,0
17402,0
17403,0
17404,0
17405,0
17407,0
17408,0
17409,0
17411,0
17412,0
17413,0
17416,0
17417,0
17418,0
17419,0
17420,0
17421,0
17422,0
17423,0
17425,0
17428,0
17430,0
17432,0
17433,0
17435,0
17436,0
17438,0
17442,0
17443,0
17446,0
17447,0
17448,0
17450,0
17451,0
17452,0
17453,0
17456,0
17458,0
17459,0
17460,0
17463,0
17465,0
17466,0
17469,0
17471,0
17472,0
17473,0
17476,0
17478,0
17479,0
17480,0
17481,0
17482,0
17483,0
17484,0
17485,0
17486,0
17488,0
17489,0
17491,0
17492,0
17494,0
17495,0
17498,0
17499,0
17501,0
17502,0
17503,0
17505,0
17506,0
17507,0
17508,0
17509,0
17510,0
17512,0
17513,0
17514,0
17515,0
17517,0
17518,0
17520,0
17521,0
17522,0
17523,0
17526,0
17527,0
17528,0
17531,0
17532,0
17533,0
17534,0
17535,0
17536,0
17537,0
17538,0
17540,0
17541,0
17543,0
17544,0
17547,0
17548,0
17550,0
17553,0
17555,0
17556,0
17557,0
17559,0
17560,0
17561,0
17562,0
17563,0
17564,0
17565,0
17570,0
17571,0
17572,0
17573,0
17574,0
17575,0
17576,0
17577,0
17578,0
17579,0
17581,0
17582,0
17587,0
17588,0
17589,0
17590,0
17594,0
17595,0
17597,0
17598,0
17599,0
17600,0
17602,0
17603,0
17605,0
17606,0
17607,0
17609,0
17612,0
17613,0
17614,0
17615,0
17616,0
17617,0
17618,0
17621,0
17623,0
17624,0
17625,0
17626,0
17627,0
17628,0
17630,0
17631,0
17632,0
17633,0
17634,0
17636,0
17638,0
17639,0
17640,0
17641,0
17642,0
17643,0
17645,0
17646,0
17647,0
17649,0
17651,0
17652,0
17653,0
17654,0
17655,0
17659,0
17660,0
17661,0
17663,0
17666,0
17667,0
17669,0
17670,0
17671,0
17672,0
17673,0
17675,0
17677,0
17680,0
17683,0
17684,0
17686,0
17687,0
17689,0
17690,0
17691,0
17693,0
17694,0
17695,0
17696,0
17698,0
17699,0
17711,0
17712,0
17719,0
17720,0
17721,0
17722,0
17724,0
17726,0
17728,0
17732,0
17733,0
17735,0
17740,0
17741,0
17746,0
17747,0
17750,0
17751,0
17753,0
17755,0
17756,0
17759,0
17760,0
17761,0
17762,0
17763,0
17765,0
17766,0
17767,0
17768,0
17769,0
17770,0
17772,0
17775,0
17778,0
17780,0
17782,0
17785,0
17789,0
17790,0
17791,0
17795,0
17797,0
17798,0
17803,0
17804,0
17806,0
17807,0
17808,0
17810,0
17811,0
17812,0
17813,0
17815,0
17818,0
17819,0
17821,0
17823,0
17824,0
17825,0
17827,0
17828,0
17830,0
17831,0
17833,0
17834,0
17835,0
17840,0
17842,0
17846,0
17847,0
17849,0
17852,0
17854,0
17856,0
17859,0
17860,0
17866,0
17868,0
17869,0
17876,0
17877,0
17880,0
17883,0
17886,0
17888,0
17890,0
17891,0
17892,0
17893,0
17894,0
17896,0
17900,0
17902,0
17903,0
17907,0
17908,0
17913,0
17916,0
17917,0
17919,0
17920,0
17921,0
17922,0
17923,0
17924,0
17928,0
17929,0
17931,0
17933,0
17934,0
17937,0
17939,0
17940,0
17942,0
17943,0
17944,0
17945,0
17946,0
17948,0
17950,0
17952,0
17954,0
17956,0
17957,0
17958,0
17960,0
17961,0
17963,0
17966,0
17968,0
17969,0
17970,0
17971,0
17975,0
17978,0
17979,0
17981,0
17982,0
17984,0
17985,0
17986,0
17987,0
17988,0
17989,0
17990,0
17994,0
17995,0
17996,0
18001,0
18003,0
18005,0
18006,0
18007,0
18008,0
18009,0
18010,0
18012,0
18013,0
18016,0
18019,0
18021,0
18023,0
18025,0
18026,0
18027,0
18028,0
18029,0
18030,0
18031,0
18032,0
18033,0
18034,0
18036,0
18037,0
18039,0
18040,0
18042,0
18043,0
18047,0
18050,0
18051,0
18053,0
18054,0
18055,0
18056,0
18057,0
18058,0
18060,0
18061,0
18062,0
18063,0
18064,0
18065,0
18067,0
18071,0
18072,0
18077,0
18081,0
18084,0
18085,0
18086,0
18091,0
18093,0
18094,0
18096,0
18098,0
18100,0
18102,0
18106,0
18107,0
18109,0
18110,0
18113,0
18114,0
18116,0
18118,0
18119,0
18120,0
18122,0
18123,0
18125,0
18126,0
18127,0
18128,0
18130,0
18132,0
18133,0
18134,0
18136,0
18138,0
18139,0
18142,0
18143,0
18144,0
18145,0
18149,0
18150,0
18151,0
18152,0
18154,0
18156,0
18157,0
18162,0
18164,0
18165,0
18166,0
18167,0
18170,0
18171,0
18172,0
18173,0
18174,0
18178,0
18179,0
18183,0
18186,0
18187,0
18189,0
18190,0
18194,0
18198,0
18199,0
18200,0
18201,0
18202,0
18207,0
18210,0
18211,0
18213,0
18214,0
18217,0
18218,0
18219,0
18220,0
18221,0
18222,0
18224,0
18225,0
18226,0
18227,0
18228,0
18229,0
18232,0
18233,0
18235,0
18236,0
18237,0
18238,0
18240,0
18243,0
18244,0
18246,0
18248,0
18249,0
18250,0
18252,0
18254,0
18255,0
18256,0
18258,0
18261,0
18264,0
18265,0
18266,0
18269,0
18271,0
18273,0
18276,0
18278,0
18281,0
18282,0
18284,0
18286,0
18288,0
18289,0
18290,0
18291,0
18298,0
18299,0
18303,0
18304,0
18307,0
18308,0
18311,0
18314,0
18315,0
18317,0
18318,0
18320,0
18321,0
18322,0
18323,0
18324,0
18326,0
18329,0
18330,0
18332,0
18337,0
18338,0
18339,0
18344,0
18347,0
18349,0
18350,0
18352,0
18354,0
18356,0
18357,0
18359,0
18360,0
18361,0
18362,0
18363,0
18365,0
18366,0
18368,0
18369,0
18374,0
18375,0
18376,0
18377,0
18379,0
18380,0
18381,0
18384,0
18385,0
18386,0
18387,0
18395,0
18397,0
18398,0
18407,0
18409,0
18412,0
18413,0
18414,0
18416,0
18417,0
18419,0
18421,0
18425,0
18427,0
18428,0
18429,0
18430,0
18432,0
18433,0
18434,0
18435,0
18439,0
18441,0
18442,0
18445,0
18447,0
18451,0
18460,0
18461,0
18462,0
18465,0
18466,0
18467,0
18468,0
18469,0
18470,0
18472,0
18473,0
18476,0
18478,0
18480,0
18482,0
18483,0
18486,0
18489,0
18491,0
18492,0
18494,0
18495,0
18496,0
18497,0
18498,0
18501,0
18503,0
18504,0
18507,0
18512,0
18514,0
18516,0
18522,0
18523,0
18528,0
18529,0
18533,0
18535,0
18539,0
18541,0
18542,0
18543,0
18548,0
18549,0
18552,0
18553,0
18554,0
18556,0
18557,0
18562,0
18563,0
18564,0
18565,0
18566,0
18569,0
18571,0
18572,0
18573,0
18574,0
18575,0
18576,0
18579,0
18581,0
18583,0
18584,0
18585,0
18589,0
18590,0
18592,0
18593,0
18595,0
18596,0
18598,0
18599,0
18600,0
18602,0
18605,0
18606,0
18607,0
18608,0
18611,0
18612,0
18613,0
18614,0
18615,0
18616,0
18618,0
18620,0
18621,0
18622,0
18624,0
18625,0
18627,0
18628,0
18629,0
18632,0
18633,0
18636,0
18637,0
18640,0
18641,0
18642,0
18643,0
18646,0
18647,0
18650,0
18651,0
18653,0
18654,0
18656,0
18660,0
18661,0
18663,0
18668,0
18669,0
18671,0
18673,0
18674,0
18675,0
18676,0
18679,0
18680,0
18684,0
18685,0
18686,0
18690,0
18695,0
18703,0
18705,0
18707,0
18713,0
18714,0
18716,0
18719,0
18720,0
18722,0
18724,0
18726,0
18727,0
18729,0
18730,0
18731,0
18732,0
18733,0
18734,0
18737,0
18738,0
18740,0
18742,0
18743,0
18744,0
18745,0
18746,0
18747,0
18749,0
18752,0
18753,0
18755,0
18761,0
18767,0
18769,0
18772,0
18774,0
18776,0
18777,0
18779,0
18781,0
18783,0
18786,0
18787,0
18788,0
18790,0
18793,0
18794,0
18795,0
18796,0
18797,0
18803,0
18804,0
18805,0
18807,0
18808,0
18810,0
18813,0
18814,0
18815,0
18816,0
18819,0
18820,0
18822,0
18823,0
18824,0
18829,0
18830,0
18832,0
18833,0
18837,0
18842,0
18844,0
18845,0
18847,0
18851,0
18853,0
18857,0
18862,0
18864,0
18869,0
18871,0
18872,0
18874,0
18878,0
18881,0
18882,0
18884,0
18885,0
18886,0
18891,0
18894,0
18895,0
18899,0
18905,0
18908,0
18910,0
18913,0
18916,0
18917,0
18918,0
18919,0
18927,0
18928,0
18929,0
18930,0
18959,0
18962,0
18966,0
18969,0
18972,0
18973,0
18974,0
18977,0
18978,0
18979,0
18981,0
18982,0
18986,0
18987,0
18989,0
18991,0
18992,0
18994,0
18995,0
18996,0
18997,0
18998,0
18999,0
19000,0
19002,0
19003,0
19005,0
19007,0
19008,0
19009,0
19010,0
19014,0
19015,0
19017,0
19019,0
19021,0
19022,0
19030,0
19031,0
19035,0
19040,0
19041,0
19044,0
19045,0
19047,0
19053,0
19054,0
19057,0
19059,0
19062,0
19063,0
19064,0
19065,0
19067,0
19068,0
19071,0
19072,0
19073,0
19074,0
19075,0
19076,0
19077,0
19080,0
19082,0
19087,0
19090,0
19093,0
19094,0
19104,0
19105,0
19107,0
19110,0
19114,0
19116,0
19120,0
19124,0
19125,0
19127,0
19129,0
